index,Rating,Size,Sector,Revenue,avgsalary,company_txt,location,Python,spark,aws,excel,sql,sas,keras,pytorch,scikit,tensor,hadoop,tableau,bi,flink,mongo,google_an
0,3.8,501 - 1000,Aerospace & Defense,$50 to $100 million (USD),72,Tecolote Research,NM,1,0,0,1,0,1,0,0,0,0,0,1,1,0,0,0
1,3.4,10000+,Health Care,$2 to $5 billion (USD),87.5,University of Maryland Medical System,MD,1,0,0,0,0,0,0,0,0,0,0,0,0,0,0,0
2,4.8,501 - 1000,Business Services,$100 to $500 million (USD),85,KnowBe4,FL,1,1,0,1,1,1,0,0,0,0,0,0,0,0,0,0
3,3.8,1001 - 5000,"Oil, Gas, Energy & Utilities",$500 million to $1 billion (USD),76.5,PNNL,WA,1,0,0,0,0,0,0,0,0,0,0,0,0,0,0,0
5,3.4,201 - 500,Real Estate,$1 to $2 billion (USD),95,CyrusOne,TX,1,0,1,1,1,0,0,0,0,0,0,0,1,0,1,0
7,3.8,201 - 500,Business Services,$25 to $50 million (USD),114,Logic20/20,CA,1,1,1,1,1,0,0,1,0,1,0,0,0,0,0,0
8,3.3,10000+,Health Care,$500 million to $1 billion (USD),61,Rochester Regional Health,NY,0,0,0,0,0,0,0,0,0,0,0,0,0,0,0,0
9,4.6,51 - 200,Information Technology,$100 to $500 million (USD),140,<intent>,NY,1,1,0,0,0,0,0,0,0,0,0,0,0,0,0,0
10,3.5,501 - 1000,Retail,$1 to $2 billion (USD),163.5,Wish,CA,1,0,0,0,0,0,0,0,0,0,0,0,0,0,0,0
11,4.1,5001 - 10000,Business Services,$1 to $2 billion (USD),85,ManTech,VA,0,0,0,0,1,0,0,0,0,0,1,0,0,0,0,0
12,3.2,10000+,Retail,$10+ billion (USD),139,Walmart,TX,0,0,0,0,1,0,0,0,0,0,1,0,0,0,0,0
14,3.7,10000+,Biotech & Pharmaceuticals,$10+ billion (USD),113.5,Takeda Pharmaceuticals,MA,1,1,0,0,1,0,0,0,0,1,0,0,0,0,0,0
16,3.9,51 - 200,Biotech & Pharmaceuticals,$1 to $5 million (USD),102,Blueprint Medicines,MA,0,0,0,1,0,0,0,0,0,0,0,0,0,0,0,0
19,4,501 - 1000,Insurance,$500 million to $1 billion (USD),87.5,Pinnacol Assurance,CO,1,0,0,1,1,0,1,1,1,1,0,0,0,0,0,0
23,4.3,51 - 200,Transportation & Logistics,$10 to $25 million (USD),84,SMC 3,KY,1,0,0,1,1,0,0,0,0,0,0,1,0,0,0,0
25,4,501 - 1000,Information Technology,$100 to $500 million (USD),143,Novetta,VA,1,0,1,0,0,0,1,0,0,1,0,0,0,0,0,0
26,4,10000+,Biotech & Pharmaceuticals,$10+ billion (USD),86.5,Pfizer,MA,1,0,1,1,0,0,0,0,0,0,0,0,0,0,0,0
27,3.5,1001 - 5000,Finance,$100 to $500 million (USD),99.5,First Tech Federal Credit Union,OR,1,1,1,1,1,0,1,0,1,1,0,1,0,0,0,0
28,3.7,5001 - 10000,Insurance,$5 to $10 billion (USD),47.5,The Hanover Insurance Group,MA,0,0,0,1,0,0,0,0,0,0,0,0,0,0,0,0
29,4,10000+,Biotech & Pharmaceuticals,$10+ billion (USD),84,Pfizer,CT,0,0,1,1,0,0,0,0,0,0,0,0,0,0,0,0
30,4.8,501 - 1000,Business Services,$100 to $500 million (USD),85,KnowBe4,FL,1,1,0,1,1,1,0,0,0,0,0,0,0,0,0,0
31,3.8,1001 - 5000,"Oil, Gas, Energy & Utilities",$500 million to $1 billion (USD),76.5,PNNL,WA,1,0,0,0,0,0,0,0,0,0,0,0,0,0,0,0
32,3.6,1001 - 5000,Real Estate,$500 million to $1 billion (USD),96,Amrock,MI,1,0,0,0,1,1,0,0,0,0,0,0,0,0,0,0
33,3.8,10000+,Biotech & Pharmaceuticals,$10+ billion (USD),114.5,Novartis,MA,1,0,0,0,0,0,0,1,1,0,0,0,0,0,0,0
34,3.8,5001 - 10000,Telecommunications,$2 to $5 billion (USD),121,Juniper Networks,CA,1,1,0,1,1,0,1,0,1,1,0,0,0,0,1,0
37,3.5,1001 - 5000,Information Technology,$1 to $2 billion (USD),107,Esri,CA,1,1,1,0,0,0,0,0,0,0,1,1,0,0,1,0
38,4.7,201 - 500,Aerospace & Defense,$100 to $500 million (USD),110,Systems & Technology Research,MA,1,1,0,1,1,0,0,1,1,1,1,0,0,0,0,0
39,3.5,5001 - 10000,Biotech & Pharmaceuticals,$1 to $2 billion (USD),147.5,Sartorius,CA,1,0,0,1,0,0,0,0,0,0,0,0,0,0,0,0
40,3.5,201 - 500,Insurance,$100 to $500 million (USD),106,Lancer Insurance,NY,1,0,0,1,1,0,0,0,0,0,0,0,0,0,0,0
41,4.2,201 - 500,Information Technology,$50 to $100 million (USD),88,Sauce Labs,CA,1,0,1,1,1,0,0,0,0,0,0,1,0,0,1,0
43,3.6,1 - 50,-1,Less than $1 million (USD),98.5,Persivia,MA,0,0,0,1,1,0,0,0,0,0,0,0,0,0,0,0
45,3.4,5001 - 10000,Manufacturing,$2 to $5 billion (USD),82.5,Edgewell Personal Care,NJ,0,0,1,0,0,0,0,0,0,0,0,0,0,0,0,0
46,4.3,1001 - 5000,Real Estate,$2 to $5 billion (USD),130,Equity Residential,IL,1,1,0,1,1,0,0,0,1,0,1,1,1,0,0,0
49,3.7,10000+,Information Technology,$10+ billion (USD),184.5,Visa Inc.,WA,1,0,0,1,1,1,0,0,0,0,0,1,0,0,0,0
50,3.1,5001 - 10000,Information Technology,$2 to $5 billion (USD),29.5,Intrado,CO,0,0,0,1,0,0,0,0,0,0,0,0,0,0,0,0
51,4.7,501 - 1000,Aerospace & Defense,$100 to $500 million (USD),86.5,Centauri,OH,0,0,0,0,0,0,0,0,0,0,0,0,0,0,0,0
52,3.7,10000+,Manufacturing,$10+ billion (USD),81,Caterpillar,IL,0,0,0,0,0,0,0,0,0,0,0,1,0,0,0,0
55,3.3,10000+,Insurance,$10+ billion (USD),114.5,Liberty Mutual Insurance,MA,1,0,0,0,0,0,0,0,0,0,0,0,0,0,0,0
56,4.6,1001 - 5000,Aerospace & Defense,$100 to $500 million (USD),68,"Torch Technologies, Inc.",AL,1,0,0,1,0,0,0,0,0,0,0,1,0,0,0,0
57,3.7,10000+,Insurance,$10+ billion (USD),115,Swiss Re,NY,1,0,0,1,1,0,0,0,0,0,0,0,0,0,0,0
58,3.7,10000+,Aerospace & Defense,$10+ billion (USD),109.5,Northrop Grumman,CA,0,0,0,1,1,0,0,0,0,0,0,1,0,0,0,0
59,3.5,5001 - 10000,Biotech & Pharmaceuticals,$1 to $2 billion (USD),75.5,Sartorius,NM,1,0,0,1,0,0,0,0,0,0,0,0,0,0,0,0
63,3.4,201 - 500,Real Estate,$1 to $2 billion (USD),95,CyrusOne,TX,1,0,1,1,1,0,0,0,0,0,0,0,1,0,1,0
66,4.3,201 - 500,Business Services,$10 to $25 million (USD),115,USEReady,NY,1,1,1,0,1,0,0,0,0,0,1,1,0,0,0,0
67,3.8,501 - 1000,Finance,$50 to $100 million (USD),139.5,Bill.com,CA,0,0,0,0,1,1,0,0,0,0,0,0,0,0,0,0
68,3.8,1001 - 5000,"Oil, Gas, Energy & Utilities",$500 million to $1 billion (USD),67,Pacific Northwest National Laboratory,WA,0,0,0,0,0,0,0,1,0,1,0,0,0,0,0,0
70,3.8,10000+,Retail,$5 to $10 billion (USD),85,DICK'S Sporting Goods - Corporate,PA,1,0,0,0,1,0,0,1,0,1,0,0,0,0,0,0
72,2.8,51 - 200,Biotech & Pharmaceuticals,$1 to $5 million (USD),118,Berg Health,MA,1,0,0,1,1,0,0,0,0,0,0,0,0,0,0,0
73,4.7,51 - 200,Information Technology,$25 to $50 million (USD),79.5,Oversight Systems,GA,1,0,0,1,1,0,1,1,1,0,0,0,0,0,0,0
75,3.1,201 - 500,Business Services,$100 to $500 million (USD),56.5,C Space,MA,1,0,0,0,1,0,0,0,0,0,0,1,0,0,0,0
76,3.2,1 - 50,Business Services,$5 to $10 million (USD),128.5,"Numeric, LLC",PA,1,1,1,0,1,0,0,0,0,0,1,0,0,0,0,0
79,3.6,10000+,Business Services,$10+ billion (USD),179.5,Grainger,IL,1,0,0,1,1,1,0,0,0,0,0,0,0,0,0,0
80,2.7,501 - 1000,Business Services,$50 to $100 million (USD),76,EAG Laboratories,MO,0,0,0,1,0,0,0,0,0,0,0,0,0,0,0,0
81,3.9,501 - 1000,Information Technology,$100 to $500 million (USD),112,The Buffalo Group,VA,1,1,0,0,1,0,0,0,0,0,1,0,0,0,0,0
82,3.1,1001 - 5000,Mining & Metals,$1 to $2 billion (USD),98,Carmeuse,PA,1,0,0,0,0,0,0,0,0,1,0,0,0,0,0,0
85,1.9,51 - 200,Biotech & Pharmaceuticals,$10 to $25 million (USD),87.5,GNS Healthcare,MA,0,0,1,0,0,0,0,0,0,0,0,0,0,0,0,0
86,3.3,1001 - 5000,Aerospace & Defense,$1 to $2 billion (USD),110,Peraton,VA,1,0,0,1,0,0,0,0,1,0,1,0,0,0,0,0
87,4.4,10000+,Information Technology,$500 million to $1 billion (USD),113.5,Pactera,CA,1,0,0,1,0,0,0,0,0,0,0,0,0,0,0,0
88,3.9,51 - 200,Health Care,$1 to $5 million (USD),124,Nurx,CA,1,0,0,0,1,0,0,0,0,0,0,0,0,0,0,0
89,4.7,201 - 500,Business Services,$25 to $50 million (USD),56.5,webfx.com,PA,0,0,0,1,0,0,0,0,0,0,0,0,0,0,0,1
90,4.5,5001 - 10000,Aerospace & Defense,$1 to $2 billion (USD),130,Johns Hopkins University Applied Physics Laboratory,MD,1,0,0,1,0,0,0,0,0,0,0,0,0,0,0,0
91,4.3,51 - 200,Information Technology,$10 to $25 million (USD),77.5,Productive Edge,IL,0,0,0,1,1,0,0,0,0,0,0,0,0,0,0,0
92,4,201 - 500,Business Services,$50 to $100 million (USD),87,Excella Consulting,VA,1,0,1,1,1,0,0,0,0,0,0,0,0,0,0,0
93,4.4,501 - 1000,Business Services,$100 to $500 million (USD),53.5,Gensco,WA,0,0,0,1,0,0,0,0,0,0,0,0,0,0,0,0
94,3.2,10000+,Retail,$10+ billion (USD),139,Walmart,TX,0,0,0,0,1,0,0,0,0,0,1,0,0,0,0,0
95,3.8,201 - 500,Business Services,$25 to $50 million (USD),114,Logic20/20,CA,1,1,1,1,1,0,0,1,0,1,0,0,0,0,0,0
96,4.2,501 - 1000,Information Technology,$100 to $500 million (USD),85.5,goTRG,FL,1,1,0,1,1,0,0,0,0,0,1,0,0,0,0,0
97,4.5,51 - 200,Information Technology,$25 to $50 million (USD),48,NMR Consulting,AL,0,0,0,1,1,0,0,0,0,0,1,0,0,0,0,0
101,3.5,201 - 500,Biotech & Pharmaceuticals,$100 to $500 million (USD),174,Nektar Therapeutics,CA,0,0,0,1,0,0,0,0,0,0,0,0,0,0,0,0
102,3.9,5001 - 10000,Finance,$1 to $2 billion (USD),85,TransUnion,GA,1,1,0,0,1,1,0,0,0,0,0,0,0,0,0,0
104,4.7,51 - 200,Information Technology,$10 to $25 million (USD),106.5,IT Concepts,MD,0,0,0,0,0,0,0,0,0,0,0,0,0,0,0,0
105,4.2,1001 - 5000,Information Technology,$100 to $500 million (USD),72.5,Scientific Research Corporation,MD,0,0,0,1,0,0,0,0,0,0,0,0,0,0,0,0
106,3.4,10000+,Information Technology,$10+ billion (USD),85.5,General Dynamics Information Technology,MD,0,0,0,0,0,0,0,0,0,0,0,0,0,0,0,0
107,3.2,5001 - 10000,Government,$1 to $2 billion (USD),97.5,MITRE,VA,1,0,0,1,1,1,0,0,0,0,0,1,1,0,1,0
108,3.9,501 - 1000,Information Technology,$100 to $500 million (USD),99,The Buffalo Group,VA,1,0,0,1,0,0,0,0,0,0,0,1,0,0,0,0
109,3.1,1001 - 5000,Insurance,$2 to $5 billion (USD),56.5,DentaQuest,WI,0,0,0,1,1,0,0,0,0,0,0,0,0,0,0,0
118,3.9,1001 - 5000,Information Technology,$100 to $500 million (USD),95.5,CapTech,NC,1,1,0,0,1,0,0,0,0,0,0,1,0,0,0,0
119,3.3,10000+,Manufacturing,$5 to $10 billion (USD),104.5,American Axle & Manufacturing,MI,1,1,1,1,1,0,0,0,0,0,0,0,1,0,0,0
122,4.3,201 - 500,Information Technology,$25 to $50 million (USD),55,Integrate,AZ,0,0,0,1,1,0,0,0,0,0,0,0,1,0,0,0
124,4.5,201 - 500,Information Technology,$100 to $500 million (USD),157,Demandbase,CA,0,1,1,0,0,0,0,0,0,0,0,0,0,0,0,0
126,3.7,10000+,Biotech & Pharmaceuticals,$10+ billion (USD),113.5,Takeda Pharmaceuticals,MA,1,1,0,0,1,0,0,0,0,1,0,0,0,0,0,0
127,4.6,51 - 200,Information Technology,$100 to $500 million (USD),140,<intent>,NY,1,1,0,0,0,0,0,0,0,0,0,0,0,0,0,0
129,4,5001 - 10000,Information Technology,$2 to $5 billion (USD),108,Autodesk,CA,1,1,0,0,1,0,0,0,0,0,1,0,0,0,0,0
130,4.6,501 - 1000,Agriculture & Forestry,$50 to $100 million (USD),80.5,Beck's Hybrids,IN,0,0,0,0,0,0,0,0,0,0,0,0,0,0,0,0
132,4.7,51 - 200,Business Services,$25 to $50 million (USD),95,Object Partners,MN,0,1,1,0,1,0,0,0,0,0,1,0,0,1,0,0
137,3.2,1001 - 5000,Business Services,$1 to $2 billion (USD),134,Red Ventures,NC,0,1,1,0,1,0,0,0,0,0,0,0,0,0,0,0
139,3.5,1001 - 5000,Media,$500 million to $1 billion (USD),107.5,The E.W. Scripps Company,OH,1,0,0,0,1,0,0,0,0,0,0,1,0,0,0,0
141,4.3,1001 - 5000,Real Estate,$2 to $5 billion (USD),92.5,Equity Residential,IL,1,1,0,1,1,0,0,0,0,0,1,0,0,0,1,0
142,2.3,501 - 1000,Business Services,$100 to $500 million (USD),62,Synagro,MD,0,0,0,1,1,0,0,0,0,0,0,0,0,0,0,0
143,4,51 - 200,Business Services,$25 to $50 million (USD),39.5,Alliance Source Testing,AL,0,0,0,0,0,0,0,0,0,0,0,0,0,0,0,0
145,3.6,1001 - 5000,Manufacturing,$100 to $500 million (USD),107.5,Accuride International,CA,0,0,0,1,0,0,0,0,0,0,0,1,0,0,0,1
147,3.7,10000+,Information Technology,$10+ billion (USD),89.5,Visa Inc.,VA,1,1,0,0,1,0,0,0,0,0,1,1,0,0,0,0
148,4.4,201 - 500,Business Services,$50 to $100 million (USD),81,Maven Wave Partners,IL,1,0,1,1,1,0,0,0,0,0,1,1,0,0,0,0
150,4,501 - 1000,Information Technology,$100 to $500 million (USD),147,Novetta,VA,1,0,1,0,0,0,1,0,0,1,0,0,0,0,0,0
152,3.2,1001 - 5000,Finance,$100 to $500 million (USD),85,"First Command Financial Services, Inc.",TX,1,0,0,1,1,1,0,0,0,0,0,1,1,0,0,0
153,2.9,1001 - 5000,Manufacturing,$1 to $2 billion (USD),81.5,Pharmavite,CA,0,0,0,1,0,0,0,0,0,0,0,0,0,0,0,0
154,3.8,1001 - 5000,Biotech & Pharmaceuticals,$500 million to $1 billion (USD),168,BioMarin Pharmaceutical,CA,0,0,0,1,0,0,0,0,0,0,0,0,0,0,0,0
157,3.4,1001 - 5000,Business Services,$100 to $500 million (USD),97,PA Consulting,NY,1,1,0,1,1,0,0,0,0,0,1,1,0,0,1,0
158,4.1,5001 - 10000,Business Services,$1 to $2 billion (USD),85,ManTech,VA,0,0,0,0,1,0,0,0,0,0,1,0,0,0,0,0
162,4.3,51 - 200,Information Technology,$10 to $25 million (USD),100,Productive Edge,IL,0,1,0,1,1,0,0,0,0,0,0,0,0,0,0,0
169,3.8,1001 - 5000,"Oil, Gas, Energy & Utilities",$500 million to $1 billion (USD),67,PNNL,WA,1,0,0,0,0,0,0,0,0,0,0,0,0,0,0,0
170,3.9,10000+,Information Technology,$2 to $5 billion (USD),87,AVANADE,DC,0,0,0,0,0,0,0,0,0,0,0,0,0,0,0,0
172,3.8,201 - 500,Business Services,$100 to $500 million (USD),100,PatientPoint,OH,1,0,0,1,1,0,0,0,1,0,0,0,1,0,0,0
174,3.8,5001 - 10000,Insurance,$5 to $10 billion (USD),106.5,BlueCross BlueShield of Tennessee,TN,0,0,0,1,1,1,0,0,0,0,0,1,0,0,1,0
175,3.8,1001 - 5000,"Oil, Gas, Energy & Utilities",$500 million to $1 billion (USD),98.5,PNNL,WA,0,0,0,0,0,0,0,0,0,0,0,0,0,0,0,0
177,4.8,501 - 1000,Business Services,$100 to $500 million (USD),61,KnowBe4,FL,1,0,0,1,1,0,0,0,0,0,0,0,0,0,0,0
180,3.4,1001 - 5000,Manufacturing,$2 to $5 billion (USD),109.5,Church & Dwight,NJ,1,0,0,1,0,0,0,0,0,0,0,1,1,0,0,0
181,3.6,5001 - 10000,Insurance,$10+ billion (USD),164,MassMutual,MA,1,1,1,0,1,0,0,0,1,0,1,0,0,0,0,0
182,3.9,10000+,Biotech & Pharmaceuticals,$10+ billion (USD),169,Genentech,CA,1,1,0,1,1,0,0,0,0,0,1,0,0,0,0,0
183,3.8,5001 - 10000,Telecommunications,$2 to $5 billion (USD),142,Juniper Networks,CA,1,1,1,1,0,0,0,0,1,1,0,0,0,1,0,0
185,3.7,10000+,Biotech & Pharmaceuticals,$10+ billion (USD),76.5,Takeda Pharmaceuticals,MA,0,0,0,1,0,0,0,0,0,0,0,0,0,0,0,0
187,3.8,501 - 1000,Insurance,$500 million to $1 billion (USD),107,Legal & General America,MD,1,0,0,1,1,0,0,0,0,0,0,1,0,0,0,0
188,3.5,10000+,Information Technology,$10+ billion (USD),171.5,Western Digital,CA,1,0,1,0,1,0,0,0,0,0,1,0,0,0,0,0
193,3.5,1001 - 5000,Biotech & Pharmaceuticals,$1 to $2 billion (USD),145,Sunovion,MA,1,0,0,1,0,0,0,0,0,0,0,0,0,0,0,0
194,2.9,201 - 500,Education,$25 to $50 million (USD),61.5,National Student Clearinghouse,VA,1,0,0,1,1,0,0,0,0,0,0,1,1,0,0,0
198,2.7,51 - 200,Finance,$50 to $100 million (USD),120,State of Wisconsin Investment Board,WI,1,0,0,0,1,0,0,0,0,0,0,1,1,0,0,0
199,4.4,201 - 500,Biotech & Pharmaceuticals,$100 to $500 million (USD),62,Rubius Therapeutics,MA,0,0,0,0,0,0,0,0,0,0,0,0,0,0,0,0
200,4,5001 - 10000,Information Technology,$2 to $5 billion (USD),150.5,Autodesk,CA,1,1,0,0,1,1,0,0,1,1,1,0,0,0,0,0
202,4.2,51 - 200,Business Services,$25 to $50 million (USD),71.5,IZEA,FL,1,1,1,1,1,0,0,0,0,0,1,0,0,0,0,0
203,3.6,51 - 200,Retail,$100 to $500 million (USD),51.5,Vionic Group,CA,0,0,0,1,0,0,0,0,0,0,0,0,0,0,0,1
204,3.7,10000+,Biotech & Pharmaceuticals,$10+ billion (USD),151.5,Takeda Pharmaceuticals,CA,0,0,0,1,0,0,0,0,0,0,0,0,0,0,0,0
206,3.7,10000+,Biotech & Pharmaceuticals,$10+ billion (USD),140,Takeda Pharmaceuticals,MA,0,0,0,1,0,0,0,0,0,0,0,0,0,0,0,0
207,3.3,1001 - 5000,Insurance,$10 to $25 million (USD),98.5,Plymouth Rock Assurance,NJ,0,0,0,1,1,1,0,0,0,0,0,0,0,0,0,0
208,-1,51 - 200,Information Technology,$5 to $10 million (USD),225,CA-One Tech Clou,CA,1,0,1,1,0,0,0,0,0,0,0,1,0,0,0,0
209,3.6,1001 - 5000,Health Care,$100 to $500 million (USD),56.5,Beebe Healthcare,DE,0,0,0,0,0,0,0,0,0,0,0,0,0,0,0,0
210,3.7,10000+,Biotech & Pharmaceuticals,$10+ billion (USD),161.5,Takeda Pharmaceuticals,MA,0,0,0,0,0,0,0,0,0,0,0,0,0,0,0,0
211,3.4,1001 - 5000,Insurance,$1 to $2 billion (USD),147,Argo Group US,NY,1,1,1,0,1,0,1,1,1,1,1,0,0,0,0,0
212,4.1,501 - 1000,"Oil, Gas, Energy & Utilities",$1 to $2 billion (USD),61,Associated Electric Cooperative,MO,0,0,0,1,1,0,0,0,0,0,0,0,0,0,0,0
215,3.2,1001 - 5000,Finance,$500 million to $1 billion (USD),124.5,PennyMac,AZ,1,0,0,1,1,0,1,0,0,1,0,0,0,0,0,0
216,3.9,51 - 200,Finance,$50 to $100 million (USD),148,Zest AI,CA,1,0,0,0,0,0,0,0,0,0,0,0,0,0,0,0
217,4.7,51 - 200,Aerospace & Defense,$25 to $50 million (USD),59,DECISIVE ANALYTICS Corporation,AL,1,0,0,1,0,0,0,0,0,0,0,0,0,0,0,0
221,3.7,5001 - 10000,Insurance,$5 to $10 billion (USD),146.5,The Hanover Insurance Group,MA,1,0,0,1,1,1,0,0,0,0,0,0,0,0,0,0
225,4.7,51 - 200,Biotech & Pharmaceuticals,$1 to $5 million (USD),140.5,Recursion Pharmaceuticals,UT,1,0,1,0,0,0,1,1,1,1,0,0,0,0,0,0
228,3.3,10000+,Health Care,$500 million to $1 billion (USD),84.5,Rochester Regional Health,NY,0,0,0,0,0,0,0,0,0,0,0,0,0,0,0,0
229,4,51 - 200,Information Technology,$5 to $10 million (USD),93.5,ClearEdge,MD,0,0,0,1,0,0,0,0,0,0,0,0,0,0,0,0
230,4.4,201 - 500,Biotech & Pharmaceuticals,$100 to $500 million (USD),134.5,Rubius Therapeutics,MA,0,0,0,0,0,0,0,0,0,0,0,0,0,0,0,0
233,3.9,201 - 500,Information Technology,$10 to $25 million (USD),181,Tapjoy,CA,1,1,0,0,1,0,0,0,1,1,0,0,0,0,0,0
234,3.3,10000+,Health Care,$500 million to $1 billion (USD),84.5,Rochester Regional Health,NY,0,0,0,0,0,0,0,0,0,0,0,0,0,0,0,0
235,4.1,51 - 200,Information Technology,$50 to $100 million (USD),205,Credit Sesame,CA,1,1,1,0,1,0,0,0,0,0,0,0,0,0,0,0
239,3.6,1001 - 5000,"Arts, Entertainment & Recreation",$100 to $500 million (USD),48.5,San Manuel Casino,CA,0,0,0,1,1,1,0,0,0,0,0,1,0,0,0,1
240,4,1001 - 5000,Health Care,$50 to $100 million (USD),44.5,Texas Health Huguley Hospital,TX,0,0,1,0,0,0,0,0,0,0,0,0,0,0,0,0
242,2.4,501 - 1000,Manufacturing,$100 to $500 million (USD),52.5,Teasdale Latin Foods,IL,0,0,0,0,0,0,0,0,0,0,0,0,0,0,0,0
245,3.5,501 - 1000,Health Care,$500 million to $1 billion (USD),64,Central California Alliance for Health,CA,0,0,0,0,1,0,0,0,0,0,0,1,0,0,0,0
246,3,10000+,Retail,$10+ billion (USD),98,Pilot Flying J Travel Centers LLC,TN,1,0,0,0,1,0,0,0,0,0,0,0,0,0,0,0
247,3.6,1001 - 5000,Health Care,$100 to $500 million (USD),56.5,Beebe Healthcare,DE,0,0,0,0,0,0,0,0,0,0,0,0,0,0,0,0
250,2.7,201 - 500,Biotech & Pharmaceuticals,$25 to $50 million (USD),81,Advanced BioScience Laboratories,MD,0,0,0,1,0,0,0,0,0,0,0,0,0,0,0,0
251,3.4,1001 - 5000,Transportation & Logistics,$2 to $5 billion (USD),107.5,Echo Global Logistics,IL,0,0,0,0,1,0,0,0,0,0,0,0,0,0,0,0
254,3.7,10000+,Aerospace & Defense,$10+ billion (USD),89,Lockheed Martin,VA,1,1,0,1,1,0,0,0,0,0,1,1,0,0,0,0
255,4.8,1001 - 5000,Insurance,$1 to $2 billion (USD),100.5,Acuity Insurance,WI,0,0,0,0,0,1,0,0,0,0,0,0,0,0,0,0
256,3.8,1001 - 5000,Travel & Tourism,$2 to $5 billion (USD),65,Fareportal,NY,0,0,0,1,1,0,0,0,0,0,0,1,1,0,0,0
259,4.8,501 - 1000,Business Services,$100 to $500 million (USD),61,KnowBe4,FL,1,0,0,1,1,0,0,0,0,0,0,0,0,0,0,0
260,3.4,1001 - 5000,Manufacturing,$2 to $5 billion (USD),109.5,Church & Dwight,NJ,1,0,0,1,0,0,0,0,0,0,0,1,1,0,0,0
263,3.4,51 - 200,Business Services,$10 to $25 million (USD),87.5,Spectrum Communications and Consulting,IL,0,0,0,0,1,1,0,0,0,0,0,0,0,0,0,0
264,3.1,1001 - 5000,Media,$10+ billion (USD),92.5,NCSOFT,CA,1,0,0,1,1,0,0,0,0,0,1,1,0,0,0,0
265,3.2,5001 - 10000,Government,$1 to $2 billion (USD),81.5,MITRE,VA,1,1,0,0,0,0,0,0,0,0,1,0,0,0,0,0
267,3.6,5001 - 10000,Insurance,$10+ billion (USD),164,MassMutual,MA,1,1,1,0,1,0,0,0,1,0,1,0,0,0,0,0
268,3.9,10000+,Biotech & Pharmaceuticals,$10+ billion (USD),169,Genentech,CA,1,1,0,1,1,0,0,0,0,0,1,0,0,0,0,0
269,3.8,5001 - 10000,Telecommunications,$2 to $5 billion (USD),142,Juniper Networks,CA,1,1,1,1,0,0,0,0,1,1,0,0,0,1,0,0
270,2.8,501 - 1000,Non-Profit,$50 to $100 million (USD),47.5,Community Action Partnership of San Luis Obispo,CA,0,0,0,1,0,0,0,0,0,0,0,0,0,0,0,0
273,3.7,10000+,Biotech & Pharmaceuticals,$10+ billion (USD),76.5,Takeda Pharmaceuticals,MA,0,0,0,1,0,0,0,0,0,0,0,0,0,0,0,0
275,4,201 - 500,Information Technology,$50 to $100 million (USD),49,DRB Systems,ID,1,0,0,1,1,0,0,0,0,0,0,1,0,0,0,0
276,3.5,10000+,Information Technology,$10+ billion (USD),171.5,Western Digital,CA,1,0,1,0,1,0,0,0,0,0,1,0,0,0,0,0
277,3.8,501 - 1000,Insurance,$500 million to $1 billion (USD),107,Legal & General America,MD,1,0,0,1,1,0,0,0,0,0,0,1,0,0,0,0
281,3.5,201 - 500,Information Technology,$25 to $50 million (USD),88.5,U.Group,IN,0,0,1,0,0,0,0,0,0,0,0,0,0,0,0,0
284,4,10000+,Biotech & Pharmaceuticals,$10+ billion (USD),86.5,Pfizer,MA,1,0,1,1,0,0,0,0,0,0,0,0,0,0,0,0
285,4.3,51 - 200,Transportation & Logistics,$10 to $25 million (USD),84,SMC 3,KY,1,0,0,1,1,0,0,0,0,0,0,1,0,0,0,0
288,4.7,201 - 500,Business Services,$50 to $100 million (USD),114.5,Systems Evolution Inc.,NY,1,0,0,1,1,0,0,0,0,0,0,1,0,0,0,0
289,3.5,1001 - 5000,Biotech & Pharmaceuticals,$1 to $2 billion (USD),145,Sunovion,MA,1,0,0,1,0,0,0,0,0,0,0,0,0,0,0,0
290,4.4,1001 - 5000,Information Technology,$100 to $500 million (USD),88,Eventbrite,TN,1,1,1,1,1,0,0,0,0,0,1,0,0,0,0,0
291,4.1,501 - 1000,Information Technology,$100 to $500 million (USD),100,Centro,IL,1,1,1,0,1,0,0,0,0,0,1,0,0,0,0,0
292,2.9,201 - 500,Education,$25 to $50 million (USD),61.5,National Student Clearinghouse,VA,1,0,0,1,1,0,0,0,0,0,0,1,1,0,0,0
293,2.5,1001 - 5000,Business Services,$1 to $2 billion (USD),96.5,comScore,OR,1,1,0,0,1,0,0,0,0,0,0,0,0,0,0,0
296,3.9,1001 - 5000,Business Services,$100 to $500 million (USD),15.5,NPD,NY,0,0,0,1,0,0,0,0,0,0,0,0,0,0,0,0
300,2.7,51 - 200,Finance,$50 to $100 million (USD),120,State of Wisconsin Investment Board,WI,1,0,0,0,1,0,0,0,0,0,0,1,1,0,0,0
302,3.9,10000+,Biotech & Pharmaceuticals,$10+ billion (USD),163,Genentech,CA,0,0,0,1,1,1,0,0,0,0,0,0,0,0,0,0
309,3.4,201 - 500,Business Services,$50 to $100 million (USD),93,Pro-Sphere Tek,TX,1,0,1,0,1,0,0,0,0,0,1,1,1,0,0,0
310,3,1001 - 5000,Insurance,$2 to $5 billion (USD),94.5,Ameritas Life Insurance Corp,OH,1,0,0,0,1,1,0,0,0,0,0,0,0,0,0,0
311,4,5001 - 10000,Information Technology,$2 to $5 billion (USD),150.5,Autodesk,CA,1,1,0,0,1,1,0,0,1,1,1,0,0,0,0,0
312,3.7,1001 - 5000,Insurance,$5 to $10 billion (USD),102,Genworth,NC,1,1,1,1,1,1,0,0,1,0,1,1,0,0,0,0
313,4.4,201 - 500,Biotech & Pharmaceuticals,$100 to $500 million (USD),62,Rubius Therapeutics,MA,0,0,0,0,0,0,0,0,0,0,0,0,0,0,0,0
316,4,10000+,Biotech & Pharmaceuticals,$10+ billion (USD),84,Pfizer,CT,0,0,1,1,0,0,0,0,0,0,0,0,0,0,0,0
317,4,501 - 1000,Information Technology,$100 to $500 million (USD),143,Novetta,VA,1,0,1,0,0,0,1,0,0,1,0,0,0,0,0,0
318,3.2,1 - 50,Business Services,$5 to $10 million (USD),155,"Numeric, LLC",PA,1,1,1,1,0,0,0,0,1,0,1,0,0,0,0,0
319,4.2,51 - 200,Business Services,$25 to $50 million (USD),71.5,IZEA,FL,1,1,1,1,1,0,0,0,0,0,1,0,0,0,0,0
320,3.9,51 - 200,Insurance,$10 to $25 million (USD),108,Trace Data,CA,1,1,0,0,1,1,0,1,1,1,0,0,0,0,0,0
322,3.7,10000+,Biotech & Pharmaceuticals,$10+ billion (USD),151.5,Takeda Pharmaceuticals,CA,0,0,0,1,0,0,0,0,0,0,0,0,0,0,0,0
323,3.6,51 - 200,Retail,$100 to $500 million (USD),51.5,Vionic Group,CA,0,0,0,1,0,0,0,0,0,0,0,0,0,0,0,1
324,3.7,10000+,Biotech & Pharmaceuticals,$10+ billion (USD),140,Takeda Pharmaceuticals,MA,0,0,0,1,0,0,0,0,0,0,0,0,0,0,0,0
326,4.2,501 - 1000,Finance,$50 to $100 million (USD),63.5,Clearwater Analytics,ID,0,0,0,1,1,0,0,0,0,0,0,0,0,0,0,0
328,4,1 - 50,Information Technology,Less than $1 million (USD),109,"Tekvalley, Corp.",CA,1,0,0,0,1,0,0,0,0,0,0,1,0,0,0,0
330,3.5,5001 - 10000,Aerospace & Defense,$500 million to $1 billion (USD),96,BWX Technologies,TN,1,0,0,0,0,0,1,1,0,1,0,0,0,0,0,0
331,-1,51 - 200,Information Technology,$5 to $10 million (USD),225,CA-One Tech Clou,CA,1,0,1,1,0,0,0,0,0,0,0,1,0,0,0,0
332,3.2,1001 - 5000,Finance,$500 million to $1 billion (USD),101,PennyMac,CA,1,0,1,1,1,0,0,0,0,0,0,1,0,0,0,0
333,3.3,1001 - 5000,Insurance,$10 to $25 million (USD),98.5,Plymouth Rock Assurance,NJ,0,0,0,1,1,1,0,0,0,0,0,0,0,0,0,0
334,3.9,1001 - 5000,Manufacturing,$1 to $2 billion (USD),77.5,Vermeer,IA,0,0,0,1,1,0,0,0,0,0,1,0,0,0,0,0
335,3.7,10000+,Biotech & Pharmaceuticals,$10+ billion (USD),161.5,Takeda Pharmaceuticals,MA,0,0,0,0,0,0,0,0,0,0,0,0,0,0,0,0
337,3.6,1001 - 5000,Health Care,$100 to $500 million (USD),56.5,Beebe Healthcare,DE,0,0,0,0,0,0,0,0,0,0,0,0,0,0,0,0
339,3.4,1001 - 5000,Insurance,$1 to $2 billion (USD),147,Argo Group US,NY,1,1,1,0,1,0,1,1,1,1,1,0,0,0,0,0
342,4.3,501 - 1000,Finance,$5 to $10 billion (USD),58,OceanFirst Financial,NJ,0,0,1,0,1,0,0,0,0,0,0,0,0,0,0,0
344,4.1,501 - 1000,"Oil, Gas, Energy & Utilities",$1 to $2 billion (USD),61,Associated Electric Cooperative,MO,0,0,0,1,1,0,0,0,0,0,0,0,0,0,0,0
347,3.6,1001 - 5000,Retail,$500 million to $1 billion (USD),128,Sotheby's,NY,1,0,0,0,0,0,0,0,0,0,0,0,0,0,0,0
348,3.5,1001 - 5000,Finance,$100 to $500 million (USD),99.5,First Tech Federal Credit Union,OR,1,1,1,1,1,0,1,0,1,1,0,1,0,0,0,0
349,3.6,1001 - 5000,Real Estate,$500 million to $1 billion (USD),96,Amrock,MI,1,0,0,0,1,1,0,0,0,0,0,0,0,0,0,0
350,2.3,201 - 500,Biotech & Pharmaceuticals,$100 to $500 million (USD),101,Vanda Pharmaceuticals,DC,1,0,0,1,1,0,0,0,0,0,0,1,0,0,0,0
351,3.9,51 - 200,Finance,$50 to $100 million (USD),148,Zest AI,CA,1,0,0,0,0,0,0,0,0,0,0,0,0,0,0,0
352,4,501 - 1000,Information Technology,$100 to $500 million (USD),142,Novetta,VA,1,0,1,0,1,0,0,0,0,0,0,0,0,0,1,0
354,3.2,1001 - 5000,Finance,$500 million to $1 billion (USD),124.5,PennyMac,AZ,1,0,0,1,1,0,1,0,0,1,0,0,0,0,0,0
355,4.7,51 - 200,Aerospace & Defense,$25 to $50 million (USD),59,DECISIVE ANALYTICS Corporation,AL,1,0,0,1,0,0,0,0,0,0,0,0,0,0,0,0
356,4.2,51 - 200,Business Services,$10 to $25 million (USD),52.5,Opinion Dynamics,CA,1,0,0,0,1,0,0,0,0,0,0,0,0,0,0,0
357,4.6,501 - 1000,Information Technology,$50 to $100 million (USD),75.5,Applied Information Sciences,TX,0,1,0,0,1,0,0,0,0,0,1,1,1,0,0,0
358,3.7,10000+,Insurance,$10+ billion (USD),139,Swiss Re,NY,1,0,0,1,1,0,0,0,0,0,0,0,0,0,0,0
362,3.7,10000+,Biotech & Pharmaceuticals,$10+ billion (USD),102.5,Takeda Pharmaceuticals,MA,1,1,1,1,1,0,0,0,0,0,1,1,0,0,1,0
364,4.4,201 - 500,Business Services,$25 to $50 million (USD),60.5,WK Dickson,SC,0,0,0,0,0,0,0,0,0,0,0,0,0,0,0,0
366,3.7,5001 - 10000,Insurance,$5 to $10 billion (USD),146.5,The Hanover Insurance Group,MA,1,0,0,1,1,1,0,0,0,0,0,0,0,0,0,0
367,3.9,10000+,Biotech & Pharmaceuticals,$10+ billion (USD),125,Genentech,CA,0,0,0,1,0,0,0,0,0,0,0,0,0,0,0,0
368,3.6,5001 - 10000,Insurance,$10+ billion (USD),81,MassMutual,MA,1,0,0,0,1,0,0,0,0,0,0,1,0,0,0,0
370,3.4,10000+,Information Technology,$10+ billion (USD),77,General Dynamics Information Technology,DC,0,0,0,1,1,0,0,0,0,0,0,1,0,0,0,0
371,4.1,5001 - 10000,Business Services,$1 to $2 billion (USD),92,ManTech,VA,0,0,0,0,1,0,0,0,0,0,1,0,0,0,0,0
372,3.8,10000+,Biotech & Pharmaceuticals,$10+ billion (USD),121,Novartis,MA,0,0,0,0,0,0,0,0,0,0,0,0,0,0,0,0
375,4,5001 - 10000,Information Technology,$2 to $5 billion (USD),162.5,Autodesk,CA,1,1,0,1,1,0,0,0,0,0,0,0,0,0,0,0
376,3.9,1001 - 5000,Business Services,$500 million to $1 billion (USD),60,Southwest Research Institute,TX,0,0,0,0,0,0,0,0,0,0,0,0,0,0,0,0
380,3.8,10000+,Biotech & Pharmaceuticals,$10+ billion (USD),114.5,Novartis,MA,1,0,0,0,0,0,0,1,1,0,0,0,0,0,0,0
381,3.8,5001 - 10000,Telecommunications,$2 to $5 billion (USD),121,Juniper Networks,CA,1,1,0,1,1,0,1,0,1,1,0,0,0,0,1,0
382,2.2,501 - 1000,Business Services,$50 to $100 million (USD),110,The Integer Group,TX,0,0,0,0,0,0,0,0,0,0,0,1,0,0,0,0
384,4.1,5001 - 10000,Business Services,$1 to $2 billion (USD),70.5,ManTech,VA,0,0,0,0,0,0,0,0,0,0,0,0,0,0,0,0
387,3.8,1001 - 5000,"Oil, Gas, Energy & Utilities",$500 million to $1 billion (USD),76.5,PNNL,WA,1,0,0,0,0,0,0,0,0,0,0,0,0,0,0,0
388,3.6,5001 - 10000,Insurance,$10+ billion (USD),92,MassMutual,MA,1,1,0,1,0,0,0,0,0,0,0,0,0,0,0,0
390,4.7,51 - 200,Biotech & Pharmaceuticals,$1 to $5 million (USD),140.5,Recursion Pharmaceuticals,UT,1,0,1,0,0,0,1,1,1,1,0,0,0,0,0,0
391,3.5,1001 - 5000,Information Technology,$1 to $2 billion (USD),82,Esri,VA,1,0,0,0,1,0,0,0,0,0,0,0,0,0,0,0
392,3.3,10000+,Health Care,$500 million to $1 billion (USD),84.5,Rochester Regional Health,NY,0,0,0,0,0,0,0,0,0,0,0,0,0,0,0,0
394,4.4,201 - 500,Biotech & Pharmaceuticals,$100 to $500 million (USD),134.5,Rubius Therapeutics,MA,0,0,0,0,0,0,0,0,0,0,0,0,0,0,0,0
397,3.4,201 - 500,Telecommunications,$50 to $100 million (USD),44,SV Microwave,FL,0,0,0,0,0,0,0,0,0,0,0,0,0,0,0,0
398,4,51 - 200,Information Technology,$5 to $10 million (USD),93.5,ClearEdge,MD,0,0,0,1,0,0,0,0,0,0,0,0,0,0,0,0
409,3.3,10000+,Health Care,$500 million to $1 billion (USD),84.5,Rochester Regional Health,NY,0,0,0,0,0,0,0,0,0,0,0,0,0,0,0,0
410,3.7,501 - 1000,Information Technology,$100 to $500 million (USD),71,CALIBRE Systems,VA,0,0,0,1,1,0,0,0,0,0,0,1,1,0,0,0
411,3.6,5001 - 10000,Insurance,$10+ billion (USD),101,MassMutual,MA,0,0,0,0,0,0,0,0,0,0,0,0,0,0,0,0
412,3.5,1001 - 5000,Information Technology,$1 to $2 billion (USD),107,Esri,CA,1,1,1,0,0,0,0,0,0,0,1,1,0,0,1,0
414,3.9,201 - 500,Information Technology,$10 to $25 million (USD),181,Tapjoy,CA,1,1,0,0,1,0,0,0,1,1,0,0,0,0,0,0
415,3.7,10000+,Information Technology,$5 to $10 billion (USD),61,Motorola Solutions,IL,1,1,0,0,1,0,0,0,0,0,1,0,0,0,0,0
416,4.1,51 - 200,Information Technology,$50 to $100 million (USD),205,Credit Sesame,CA,1,1,1,0,1,0,0,0,0,0,0,0,0,0,0,0
417,3.1,5001 - 10000,Manufacturing,$10+ billion (USD),103.5,Reynolds American,KY,0,0,0,0,0,0,0,0,0,0,0,0,0,0,0,0
419,3.6,5001 - 10000,Insurance,$10+ billion (USD),63,MassMutual,MA,0,0,0,1,0,0,0,0,0,0,0,0,0,0,0,0
420,3,10000+,Information Technology,$10+ billion (USD),62.5,Infosys,CT,0,0,0,1,0,0,0,0,0,0,0,0,0,0,0,0
425,3.6,1001 - 5000,"Arts, Entertainment & Recreation",$100 to $500 million (USD),48.5,San Manuel Casino,CA,0,0,0,1,1,1,0,0,0,0,0,1,0,0,0,1
426,3.5,1001 - 5000,Biotech & Pharmaceuticals,$1 to $2 billion (USD),154.5,Sunovion,MA,1,0,0,1,0,0,0,0,0,0,0,0,0,0,0,0
427,4,1001 - 5000,Health Care,$50 to $100 million (USD),44.5,Texas Health Huguley Hospital,TX,0,0,1,0,0,0,0,0,0,0,0,0,0,0,0,0
428,3.7,501 - 1000,Finance,$500 million to $1 billion (USD),87,Cboe Global Markets,KS,1,0,0,1,1,0,0,0,0,0,1,0,0,0,0,0
429,2.4,501 - 1000,Manufacturing,$100 to $500 million (USD),52.5,Teasdale Latin Foods,IL,0,0,0,0,0,0,0,0,0,0,0,0,0,0,0,0
431,2.1,201 - 500,Biotech & Pharmaceuticals,$25 to $50 million (USD),111.5,Cerus Corporation,CA,0,0,0,1,0,0,0,0,0,0,0,0,0,0,0,0
433,3.7,10000+,Biotech & Pharmaceuticals,$10+ billion (USD),154.5,Takeda Pharmaceuticals,MA,0,1,1,1,1,0,0,0,0,0,1,0,0,0,1,0
435,4.4,201 - 500,Business Services,$50 to $100 million (USD),128.5,Maven Wave Partners,IL,1,0,1,1,1,0,0,0,0,0,1,1,0,0,0,0
437,3.7,501 - 1000,Health Care,$100 to $500 million (USD),65,Vail Health,CO,0,0,0,0,0,0,0,0,0,0,0,0,0,0,0,0
442,3.5,501 - 1000,Health Care,$500 million to $1 billion (USD),64,Central California Alliance for Health,CA,0,0,0,0,1,0,0,0,0,0,0,1,0,0,0,0
443,3,10000+,Retail,$10+ billion (USD),98,Pilot Flying J Travel Centers LLC,TN,1,0,0,0,1,0,0,0,0,0,0,0,0,0,0,0
446,3.9,10000+,Biotech & Pharmaceuticals,$10+ billion (USD),137,AstraZeneca,NY,1,0,0,0,0,0,0,0,0,0,0,0,0,0,0,0
447,4,501 - 1000,Insurance,$500 million to $1 billion (USD),99,Pinnacol Assurance,CO,1,0,1,0,1,0,0,0,0,0,0,0,0,0,0,0
449,4.4,1001 - 5000,Information Technology,$1 to $2 billion (USD),139.5,MathWorks,MA,1,0,0,0,1,0,0,0,0,0,0,1,1,0,0,0
450,3.4,201 - 500,Information Technology,$25 to $50 million (USD),109,MetroStar Systems,MD,0,0,1,0,0,0,0,0,0,0,0,0,0,0,0,0
452,3.3,10000+,Insurance,$10+ billion (USD),254,Liberty Mutual Insurance,IL,1,0,0,0,0,1,0,0,0,0,0,0,0,0,0,0
455,2.7,201 - 500,Biotech & Pharmaceuticals,$25 to $50 million (USD),81,Advanced BioScience Laboratories,MD,0,0,0,1,0,0,0,0,0,0,0,0,0,0,0,0
456,3.6,1001 - 5000,Health Care,$100 to $500 million (USD),56.5,Beebe Healthcare,DE,0,0,0,0,0,0,0,0,0,0,0,0,0,0,0,0
458,3.1,5001 - 10000,Manufacturing,$10+ billion (USD),99.5,Reynolds American,NC,0,0,0,1,0,0,0,0,0,0,0,0,0,0,0,0
459,3.3,501 - 1000,Insurance,$500 million to $1 billion (USD),45.5,National Interstate,OH,0,0,0,0,0,0,0,0,0,0,0,0,0,0,0,0
461,4.5,51 - 200,Business Services,$25 to $50 million (USD),122.5,Moser Consulting,IN,1,1,1,0,1,0,0,0,0,0,1,0,0,0,1,0
462,3.9,5001 - 10000,Finance,$1 to $2 billion (USD),140,TransUnion,IL,1,0,0,1,1,1,0,0,0,0,0,0,0,0,0,0
463,3.2,5001 - 10000,Government,$1 to $2 billion (USD),77.5,MITRE,VA,0,0,0,0,0,0,0,0,0,0,0,0,0,0,0,0
466,3.1,5001 - 10000,Manufacturing,$10+ billion (USD),117.5,Reynolds American,NC,0,0,0,1,0,0,0,0,0,0,0,0,0,0,0,0
467,2.4,501 - 1000,Biotech & Pharmaceuticals,$50 to $100 million (USD),70.5,Crown Bioscience,CA,0,0,0,0,0,0,0,0,0,0,0,0,0,0,0,0
468,4.8,51 - 200,Information Technology,$25 to $50 million (USD),61.5,HOVER,CA,0,0,0,1,1,0,0,0,0,0,0,1,0,0,0,0
471,3.4,1001 - 5000,Insurance,$100 to $500 million (USD),90,Arbella Insurance,MA,0,1,0,1,1,0,0,0,0,0,1,0,0,0,0,0
479,3.6,5001 - 10000,Insurance,$10+ billion (USD),129.5,MassMutual,MA,1,1,1,1,1,0,0,0,0,0,1,1,1,0,0,0
482,4,10000+,Biotech & Pharmaceuticals,$10+ billion (USD),167.5,Pfizer,NY,0,0,1,1,0,0,0,0,0,0,0,0,0,0,0,0
483,3.8,1001 - 5000,Finance,$1 to $2 billion (USD),60,Associated Banc-Corp,WI,0,0,1,1,0,0,0,0,0,0,0,0,0,0,0,0
485,3.9,51 - 200,Finance,$50 to $100 million (USD),180,Zest AI,CA,1,0,0,1,1,0,0,0,0,0,0,0,0,0,0,0
486,3.8,1001 - 5000,Travel & Tourism,$2 to $5 billion (USD),65,Fareportal,NY,0,0,0,1,1,1,0,0,0,0,0,0,0,0,0,0
487,4.3,5001 - 10000,Information Technology,$1 to $2 billion (USD),112.5,Genesys,NC,1,1,1,0,0,0,0,0,0,0,1,0,0,1,0,0
488,1.9,201 - 500,Retail,$100 to $500 million (USD),87.5,Moda Operandi,NY,1,0,0,1,1,0,0,0,0,0,0,0,0,0,0,1
489,3.3,10000+,Insurance,$10+ billion (USD),51.5,Liberty Mutual Insurance,IN,1,0,0,1,1,0,0,0,0,0,0,0,1,0,0,0
490,4.7,51 - 200,Business Services,$10 to $25 million (USD),51,QK,CA,0,0,0,1,0,0,0,0,0,0,0,0,0,0,0,0
491,3.1,10000+,Finance,$10+ billion (USD),62.5,Santander,MA,1,0,0,1,1,1,0,0,0,0,0,0,0,0,0,0
495,3.9,501 - 1000,Information Technology,$100 to $500 million (USD),66.5,"Emtec, Inc.",IL,1,0,0,0,1,1,0,0,0,0,0,1,1,0,0,0
497,4.7,51 - 200,Business Services,$10 to $25 million (USD),138.5,Praetorian,TX,1,1,0,0,1,0,0,0,0,1,0,0,0,0,0,0
498,3.4,1001 - 5000,Business Services,$100 to $500 million (USD),107.5,PA Consulting,MA,0,1,0,1,1,0,0,0,0,0,1,1,0,0,1,0
499,3.8,501 - 1000,Biotech & Pharmaceuticals,$50 to $100 million (USD),120.5,Agios Pharmaceuticals,MA,0,0,0,0,0,1,0,0,0,0,0,0,0,0,0,0
500,2.7,201 - 500,Biotech & Pharmaceuticals,$25 to $50 million (USD),81,Advanced BioScience Laboratories,MD,0,0,0,0,0,0,0,0,0,0,0,0,0,0,0,0
501,3.1,5001 - 10000,Manufacturing,$10+ billion (USD),103.5,Reynolds American,KY,0,0,0,0,0,0,0,0,0,0,0,0,0,0,0,0
502,3.4,1001 - 5000,Transportation & Logistics,$2 to $5 billion (USD),107.5,Echo Global Logistics,IL,0,0,0,0,1,0,0,0,0,0,0,0,0,0,0,0
506,3.5,1001 - 5000,Information Technology,$1 to $2 billion (USD),68.5,Esri,CA,1,1,0,1,0,0,0,1,1,1,0,0,0,0,0,0
507,3.4,10000+,Insurance,$5 to $10 billion (USD),110.5,Assurant,OH,0,0,0,1,1,0,0,1,0,1,0,0,0,0,0,0
508,3.7,10000+,Manufacturing,$10+ billion (USD),81,Caterpillar,IL,0,0,0,0,0,0,0,0,0,0,0,1,0,0,0,0
509,4.3,1001 - 5000,Real Estate,$2 to $5 billion (USD),130,Equity Residential,IL,1,1,0,1,1,0,0,0,1,0,1,1,1,0,0,0
510,3.7,201 - 500,Insurance,$100 to $500 million (USD),115.5,F&G,IA,1,0,0,1,1,0,0,0,0,0,0,1,0,0,0,0
512,3.8,1001 - 5000,"Oil, Gas, Energy & Utilities",$500 million to $1 billion (USD),80.5,PNNL,WA,0,0,0,0,0,0,0,1,0,1,0,0,0,0,0,0
516,4.6,501 - 1000,Finance,$100 to $500 million (USD),43,GreatAmerica Financial Services,IA,0,0,0,1,1,0,0,0,0,0,0,1,0,0,0,0
519,3,5001 - 10000,Insurance,$5 to $10 billion (USD),66.5,AmeriHealth Caritas,PA,0,0,0,1,1,1,0,0,0,0,0,1,0,0,0,0
520,4.7,51 - 200,Business Services,$1 to $5 million (USD),94.5,Strategic Employment Partners,CA,1,0,1,0,0,0,0,0,0,0,0,0,0,0,0,0
521,3.8,1001 - 5000,"Oil, Gas, Energy & Utilities",$500 million to $1 billion (USD),119,PNNL,WA,0,0,0,0,0,0,0,1,0,1,0,0,0,0,0,0
522,3.2,10000+,Health Care,$10+ billion (USD),51.5,Catholic Health Initiatives,NE,0,0,0,0,0,0,0,0,0,0,0,0,0,0,0,0
523,2.7,5001 - 10000,Finance,$2 to $5 billion (USD),27.5,FLEETCOR,TN,0,0,0,1,0,0,0,0,0,0,0,1,0,0,0,0
524,3.3,10000+,Insurance,$10+ billion (USD),194.5,Liberty Mutual Insurance,IL,1,0,0,0,0,1,0,0,0,0,0,0,0,0,0,0
525,3.9,1001 - 5000,Business Services,$500 million to $1 billion (USD),71.5,Southwest Research Institute,TX,1,0,1,1,1,0,0,0,0,0,0,0,0,0,0,0
528,3.1,5001 - 10000,Manufacturing,$10+ billion (USD),74,Reynolds American,NC,0,0,0,1,0,0,0,0,0,0,0,0,0,0,0,0
530,3.7,10000+,Aerospace & Defense,$10+ billion (USD),62.5,Raytheon,AL,0,0,0,1,0,0,0,0,0,0,0,0,0,0,0,0
532,4.3,1001 - 5000,Business Services,$500 million to $1 billion (USD),65.5,RTI International,NC,0,0,0,0,0,0,0,0,0,0,0,0,0,0,0,0
534,2.1,1001 - 5000,Biotech & Pharmaceuticals,$100 to $500 million (USD),72.5,United BioSource,PA,0,0,0,1,1,0,0,0,0,0,0,1,0,0,0,0
535,3.9,51 - 200,Information Technology,$10 to $25 million (USD),139,Figure Eight,CA,1,0,1,1,0,0,0,0,0,0,0,0,0,0,0,0
537,3.9,201 - 500,Information Technology,$10 to $25 million (USD),136.5,Tapjoy,CA,0,0,0,0,1,0,0,0,0,0,0,0,0,0,0,0
538,3.8,1001 - 5000,Travel & Tourism,$2 to $5 billion (USD),74.5,Fareportal,NY,1,1,0,0,0,0,0,0,0,0,0,0,0,0,0,0
539,3.1,5001 - 10000,Manufacturing,$10+ billion (USD),80.5,Reynolds American,NC,0,0,0,1,0,0,0,0,0,0,0,0,0,0,0,0
540,3.5,5001 - 10000,Biotech & Pharmaceuticals,$1 to $2 billion (USD),75.5,Sartorius,NM,1,0,0,1,0,0,0,0,0,0,0,0,0,0,0,0
542,5,51 - 200,Aerospace & Defense,$10 to $25 million (USD),101,Royce Geospatial,VA,1,0,0,0,1,1,0,0,0,0,0,0,0,0,0,0
543,3.6,5001 - 10000,Insurance,$10+ billion (USD),92,MassMutual,MA,1,1,0,1,0,0,0,0,0,0,0,0,0,0,0,0
544,3.8,1001 - 5000,"Oil, Gas, Energy & Utilities",$500 million to $1 billion (USD),76.5,PNNL,WA,1,0,0,0,0,0,0,0,0,0,0,0,0,0,0,0
545,4.7,51 - 200,Biotech & Pharmaceuticals,$1 to $5 million (USD),140.5,Recursion Pharmaceuticals,UT,1,0,1,0,0,0,1,1,1,1,0,0,0,0,0,0
546,3.6,10000+,Finance,$10+ billion (USD),116.5,Citi,NJ,0,0,0,1,1,0,0,0,0,0,0,0,0,0,0,0
550,3.5,1001 - 5000,Information Technology,$1 to $2 billion (USD),82,Esri,VA,1,0,0,0,1,0,0,0,0,0,0,0,0,0,0,0
552,3.3,10000+,Health Care,$500 million to $1 billion (USD),84.5,Rochester Regional Health,NY,0,0,0,0,0,0,0,0,0,0,0,0,0,0,0,0
557,2.8,1001 - 5000,Business Services,$1 to $2 billion (USD),76.5,"1-800-FLOWERS.COM, Inc.",NY,1,0,0,1,1,1,0,0,0,0,0,1,0,0,0,0
558,3.5,1001 - 5000,Media,$500 million to $1 billion (USD),128,CBS Interactive,NY,1,1,0,0,1,0,1,0,1,1,1,1,0,0,1,1
560,3.2,1 - 50,Business Services,$5 to $10 million (USD),91.5,"Numeric, LLC",PA,1,1,1,1,1,0,0,0,0,0,1,0,0,0,0,0
561,4.4,201 - 500,Biotech & Pharmaceuticals,$100 to $500 million (USD),134.5,Rubius Therapeutics,MA,0,0,0,0,0,0,0,0,0,0,0,0,0,0,0,0
563,4,51 - 200,Information Technology,$5 to $10 million (USD),93.5,ClearEdge,MD,0,0,0,1,0,0,0,0,0,0,0,0,0,0,0,0
565,3.4,201 - 500,Telecommunications,$50 to $100 million (USD),44,SV Microwave,FL,0,0,0,0,0,0,0,0,0,0,0,0,0,0,0,0
570,3.7,1001 - 5000,Information Technology,$50 to $100 million (USD),177,Samsung Research America,CA,1,1,1,0,1,0,0,0,0,0,1,0,0,1,1,0
572,4.7,201 - 500,Aerospace & Defense,$100 to $500 million (USD),107,Systems & Technology Research,VA,1,1,0,1,1,0,0,1,1,1,1,0,0,0,0,0
575,4,1 - 50,Accounting & Legal,Less than $1 million (USD),113.5,Lorven Technologies Inc,CA,1,1,0,0,1,0,0,0,0,0,0,0,0,0,0,0
578,3.9,1 - 50,Information Technology,Less than $1 million (USD),113.5,Serigor Inc.,CA,1,0,0,0,1,0,0,0,0,0,0,0,0,0,0,0
579,3.4,10000+,Aerospace & Defense,$10+ billion (USD),101.5,Leidos,VA,1,0,1,0,0,0,0,1,0,1,0,0,0,0,0,0
580,3.6,10000+,Manufacturing,$2 to $5 billion (USD),73,Beckman Coulter Diagnostics,NY,0,0,1,1,1,0,0,0,0,0,0,1,1,0,0,0
582,3.5,10000+,Business Services,$2 to $5 billion (USD),80.5,IHS Markit,NY,1,0,1,0,1,0,0,0,0,0,0,0,0,0,0,0
586,3.5,51 - 200,Consumer Services,$5 to $10 million (USD),139.5,e-IT Professionals Corp.,CA,1,0,0,0,1,0,0,0,0,0,0,0,0,0,0,0
588,4,201 - 500,Finance,$100 to $500 million (USD),87,Biz2Credit Inc,NY,0,0,0,1,0,0,0,0,0,0,0,0,0,0,0,0
589,4.2,201 - 500,Finance,$50 to $100 million (USD),100.5,PeoplesBank,MA,0,0,0,1,1,0,0,0,0,0,0,0,0,0,0,0
590,3.8,10000+,Information Technology,$10+ billion (USD),147,Capgemini,NY,1,1,0,1,1,1,0,0,1,0,1,0,0,0,1,0
591,3.7,201 - 500,Insurance,$100 to $500 million (USD),110.5,GNY Insurance Companies,NY,1,0,0,1,1,0,0,0,0,0,0,0,0,0,0,0
595,4.6,51 - 200,Business Services,$5 to $10 million (USD),94,"Conch Technologies, Inc",MA,1,1,1,0,1,0,0,0,0,0,1,1,1,0,0,0
597,4.3,1001 - 5000,Information Technology,$500 million to $1 billion (USD),123.5,Medidata Solutions,NY,1,0,1,0,1,0,0,0,0,0,0,0,0,0,0,0
599,3.3,10000+,Health Care,$500 million to $1 billion (USD),84.5,Rochester Regional Health,NY,0,0,0,0,0,0,0,0,0,0,0,0,0,0,0,0
600,3.7,501 - 1000,Information Technology,$100 to $500 million (USD),71,CALIBRE Systems,VA,0,0,0,1,1,0,0,0,0,0,0,1,1,0,0,0
602,3.6,5001 - 10000,Insurance,$10+ billion (USD),101,MassMutual,MA,0,0,0,0,0,0,0,0,0,0,0,0,0,0,0,0
603,3.9,201 - 500,Information Technology,$10 to $25 million (USD),181,Tapjoy,CA,1,1,0,0,1,0,0,0,1,1,0,0,0,0,0,0
604,3.7,10000+,Aerospace & Defense,$10+ billion (USD),109.5,Northrop Grumman,CA,0,0,0,1,1,0,0,0,0,0,0,1,0,0,0,0
605,3.7,10000+,Information Technology,$10+ billion (USD),184.5,Visa Inc.,WA,1,0,0,1,1,1,0,0,0,0,0,1,0,0,0,0
607,3.7,10000+,Information Technology,$5 to $10 billion (USD),61,Motorola Solutions,IL,1,1,0,0,1,0,0,0,0,0,1,0,0,0,0,0
608,4.1,51 - 200,Information Technology,$50 to $100 million (USD),205,Credit Sesame,CA,1,1,1,0,1,0,0,0,0,0,0,0,0,0,0,0
609,3.1,1001 - 5000,Education,$100 to $500 million (USD),59.5,Success Academy Charter Schools,NY,1,0,0,1,1,0,0,0,0,0,0,0,0,0,0,0
610,3.1,5001 - 10000,Manufacturing,$10+ billion (USD),103.5,Reynolds American,KY,0,0,0,0,0,0,0,0,0,0,0,0,0,0,0,0
613,3,10000+,Information Technology,$10+ billion (USD),62.5,Infosys,CT,0,0,0,1,0,0,0,0,0,0,0,0,0,0,0,0
614,3.6,5001 - 10000,Insurance,$10+ billion (USD),63,MassMutual,MA,0,0,0,1,0,0,0,0,0,0,0,0,0,0,0,0
616,3.6,1 - 50,Health Care,$10 to $25 million (USD),66,AXION Healthcare Solutions,NY,0,0,0,1,0,0,0,0,0,0,0,0,0,0,0,0
622,4,501 - 1000,Aerospace & Defense,$100 to $500 million (USD),87,Mteq,VA,1,0,0,0,0,0,0,0,0,0,0,0,0,0,0,0
623,3.9,10000+,Biotech & Pharmaceuticals,$10+ billion (USD),140,AstraZeneca,MD,1,0,0,1,0,0,0,0,0,0,0,0,0,0,0,0
624,3.7,201 - 500,Information Technology,$25 to $50 million (USD),86,Brillient,MD,1,0,0,1,0,1,0,0,0,0,0,0,0,0,0,0
627,3.5,1001 - 5000,Biotech & Pharmaceuticals,$1 to $2 billion (USD),154.5,Sunovion,MA,1,0,0,1,0,0,0,0,0,0,0,0,0,0,0,0
629,3.7,501 - 1000,Finance,$500 million to $1 billion (USD),87,Cboe Global Markets,KS,1,0,0,1,1,0,0,0,0,0,1,0,0,0,0,0
630,3.6,1001 - 5000,"Arts, Entertainment & Recreation",$100 to $500 million (USD),48.5,San Manuel Casino,CA,0,0,0,1,1,1,0,0,0,0,0,1,0,0,0,1
631,3.4,501 - 1000,Information Technology,$1 to $2 billion (USD),80,Trace3,TX,1,1,0,1,1,0,0,0,0,0,1,0,0,0,0,0
632,4,1001 - 5000,Health Care,$50 to $100 million (USD),44.5,Texas Health Huguley Hospital,TX,0,0,1,0,0,0,0,0,0,0,0,0,0,0,0,0
633,2.4,501 - 1000,Manufacturing,$100 to $500 million (USD),52.5,Teasdale Latin Foods,IL,0,0,0,0,0,0,0,0,0,0,0,0,0,0,0,0
634,3.7,10000+,Aerospace & Defense,$10+ billion (USD),173,Northrop Grumman,CA,1,0,0,0,0,0,0,0,0,0,0,0,0,0,0,0
637,3.3,10000+,Insurance,$10+ billion (USD),114.5,Liberty Mutual Insurance,MA,1,0,0,0,0,0,0,0,0,0,0,0,0,0,0,0
638,3.9,10000+,Biotech & Pharmaceuticals,$10+ billion (USD),95,AstraZeneca,MD,0,0,0,0,0,0,0,0,0,0,0,0,0,0,0,0
639,3.2,5001 - 10000,Government,$1 to $2 billion (USD),69.5,MITRE,MA,1,0,0,1,1,1,0,0,0,0,0,1,0,0,1,0
642,2.1,201 - 500,Biotech & Pharmaceuticals,$25 to $50 million (USD),111.5,Cerus Corporation,CA,0,0,0,1,0,0,0,0,0,0,0,0,0,0,0,0
644,3.7,10000+,Biotech & Pharmaceuticals,$10+ billion (USD),154.5,Takeda Pharmaceuticals,MA,0,1,1,1,1,0,0,0,0,0,1,0,0,0,1,0
647,4.4,201 - 500,Business Services,$50 to $100 million (USD),128.5,Maven Wave Partners,IL,1,0,1,1,1,0,0,0,0,0,1,1,0,0,0,0
652,3.7,501 - 1000,Health Care,$100 to $500 million (USD),65,Vail Health,CO,0,0,0,0,0,0,0,0,0,0,0,0,0,0,0,0
655,3.1,1001 - 5000,Media,$10+ billion (USD),113,NCSOFT,CA,1,1,1,1,1,0,0,0,0,0,0,0,0,0,1,0
658,3.9,10000+,Biotech & Pharmaceuticals,$10+ billion (USD),90.5,GSK,MA,0,0,1,0,0,0,0,0,0,0,0,0,0,0,0,0
661,3.3,1001 - 5000,Business Services,$2 to $5 billion (USD),123.5,TriNet,CA,0,0,0,1,1,1,0,0,0,0,0,1,0,0,1,0
662,3.9,201 - 500,Information Technology,$10 to $25 million (USD),47,Signpost,NY,0,1,0,0,1,0,0,0,0,0,0,0,0,0,0,0
663,3.5,501 - 1000,Health Care,$500 million to $1 billion (USD),64,Central California Alliance for Health,CA,0,0,0,0,1,0,0,0,0,0,0,1,0,0,0,0
664,4,10000+,Information Technology,$5 to $10 billion (USD),162,Adobe,CA,1,0,0,1,1,0,0,0,0,0,1,1,1,0,0,0
665,3.9,10000+,Biotech & Pharmaceuticals,$10+ billion (USD),137,AstraZeneca,NY,1,0,0,0,0,0,0,0,0,0,0,0,0,0,0,0
666,3,10000+,Retail,$10+ billion (USD),98,Pilot Flying J Travel Centers LLC,TN,1,0,0,0,1,0,0,0,0,0,0,0,0,0,0,0
668,3.7,10000+,Insurance,$10+ billion (USD),115,Swiss Re,NY,1,0,0,1,1,0,0,0,0,0,0,0,0,0,0,0
669,3.5,5001 - 10000,Biotech & Pharmaceuticals,$1 to $2 billion (USD),133.5,Sartorius,CO,1,0,0,1,0,0,0,0,0,0,0,0,0,0,0,0
670,4,501 - 1000,Insurance,$500 million to $1 billion (USD),99,Pinnacol Assurance,CO,1,0,1,0,1,0,0,0,0,0,0,0,0,0,0,0
673,3.4,201 - 500,Information Technology,$25 to $50 million (USD),109,MetroStar Systems,MD,0,0,1,0,0,0,0,0,0,0,0,0,0,0,0,0
674,4.4,1001 - 5000,Information Technology,$1 to $2 billion (USD),139.5,MathWorks,MA,1,0,0,0,1,0,0,0,0,0,0,1,1,0,0,0
675,3.3,10000+,Insurance,$10+ billion (USD),254,Liberty Mutual Insurance,IL,1,0,0,0,0,1,0,0,0,0,0,0,0,0,0,0
678,3.8,10000+,Biotech & Pharmaceuticals,$10+ billion (USD),106.5,Novartis,MA,1,0,0,0,1,1,0,0,0,0,0,1,1,0,0,0
681,2.7,201 - 500,Biotech & Pharmaceuticals,$25 to $50 million (USD),81,Advanced BioScience Laboratories,MD,0,0,0,1,0,0,0,0,0,0,0,0,0,0,0,0
682,3.6,1001 - 5000,Health Care,$100 to $500 million (USD),56.5,Beebe Healthcare,DE,0,0,0,0,0,0,0,0,0,0,0,0,0,0,0,0
683,3.1,5001 - 10000,Manufacturing,$10+ billion (USD),99.5,Reynolds American,NC,0,0,0,1,0,0,0,0,0,0,0,0,0,0,0,0
685,3.3,501 - 1000,Insurance,$500 million to $1 billion (USD),45.5,National Interstate,OH,0,0,0,0,0,0,0,0,0,0,0,0,0,0,0,0
687,3.7,5001 - 10000,Insurance,$5 to $10 billion (USD),54,The Hanover Insurance Group,MA,0,0,0,0,1,0,0,0,0,0,0,0,0,0,0,0
688,4.5,51 - 200,Business Services,$25 to $50 million (USD),122.5,Moser Consulting,IN,1,1,1,0,1,0,0,0,0,0,1,0,0,0,1,0
689,3,1001 - 5000,Information Technology,$100 to $500 million (USD),37.5,Greenway Health,FL,0,0,0,1,1,0,0,0,0,0,0,0,0,0,0,0
690,3.8,1001 - 5000,Travel & Tourism,$2 to $5 billion (USD),53.5,Fareportal,NY,1,0,0,1,1,0,0,0,0,0,0,0,1,0,0,1
691,3.9,5001 - 10000,Finance,$1 to $2 billion (USD),140,TransUnion,IL,1,0,0,1,1,1,0,0,0,0,0,0,0,0,0,0
692,3.2,5001 - 10000,Government,$1 to $2 billion (USD),77.5,MITRE,VA,0,0,0,0,0,0,0,0,0,0,0,0,0,0,0,0
695,3.1,5001 - 10000,Manufacturing,$10+ billion (USD),117.5,Reynolds American,NC,0,0,0,1,0,0,0,0,0,0,0,0,0,0,0,0
696,2.4,501 - 1000,Biotech & Pharmaceuticals,$50 to $100 million (USD),70.5,Crown Bioscience,CA,0,0,0,0,0,0,0,0,0,0,0,0,0,0,0,0
698,4.8,51 - 200,Information Technology,$25 to $50 million (USD),61.5,HOVER,CA,0,0,0,1,1,0,0,0,0,0,0,1,0,0,0,0
700,4.7,51 - 200,Information Technology,$25 to $50 million (USD),79.5,Oversight Systems,GA,1,0,0,1,1,0,1,1,1,0,0,0,0,0,0,0
701,4.7,501 - 1000,Information Technology,$100 to $500 million (USD),168,Confluent,CA,1,0,0,1,1,0,0,0,0,0,0,1,0,0,0,0
702,3.4,1001 - 5000,Insurance,$100 to $500 million (USD),90,Arbella Insurance,MA,0,1,0,1,1,0,0,0,0,0,1,0,0,0,0,0
705,3.6,10000+,Biotech & Pharmaceuticals,$2 to $5 billion (USD),111.5,IQVIA,PA,0,0,0,0,0,0,0,0,0,0,0,0,0,0,0,0
706,3.6,5001 - 10000,Insurance,$10+ billion (USD),68.5,MassMutual,MA,0,0,0,1,0,0,0,0,0,0,0,0,0,0,0,0
707,3.9,10000+,Biotech & Pharmaceuticals,$10+ billion (USD),84.5,GSK,MA,0,0,1,0,0,0,0,0,0,0,0,0,0,0,0,0
708,4.4,1001 - 5000,Information Technology,$100 to $500 million (USD),102.5,Eventbrite,TN,1,1,1,0,1,0,0,0,0,0,1,0,0,0,0,0
711,3.6,501 - 1000,Government,$50 to $100 million (USD),93.5,Riverside Research Institute,OH,1,0,0,0,0,0,0,0,0,0,0,0,0,0,0,0
712,3.2,1 - 50,Business Services,$5 to $10 million (USD),127.5,"Numeric, LLC",PA,0,0,0,1,0,0,0,0,0,0,0,0,0,0,0,0
715,3.6,5001 - 10000,Insurance,$10+ billion (USD),129.5,MassMutual,MA,1,1,1,1,1,0,0,0,0,0,1,1,1,0,0,0
718,3.1,1001 - 5000,Manufacturing,$500 million to $1 billion (USD),47,Icon Health and Fitness,UT,1,0,0,1,1,0,0,0,0,0,0,1,0,0,0,0
721,3.8,1001 - 5000,Finance,$1 to $2 billion (USD),60,Associated Banc-Corp,WI,0,0,1,1,0,0,0,0,0,0,0,0,0,0,0,0
722,4,10000+,Biotech & Pharmaceuticals,$10+ billion (USD),167.5,Pfizer,NY,0,0,1,1,0,0,0,0,0,0,0,0,0,0,0,0
723,3.8,1001 - 5000,Travel & Tourism,$2 to $5 billion (USD),65,Fareportal,NY,0,0,0,1,1,1,0,0,0,0,0,0,0,0,0,0
725,4,501 - 1000,Information Technology,$100 to $500 million (USD),94,Novetta,VA,1,0,0,0,1,0,0,0,0,0,0,0,0,0,0,0
726,1.9,201 - 500,Retail,$100 to $500 million (USD),87.5,Moda Operandi,NY,1,0,0,1,1,0,0,0,0,0,0,0,0,0,0,1
727,4,501 - 1000,Information Technology,$100 to $500 million (USD),97,Novetta,VA,1,1,1,0,1,0,0,0,0,0,1,0,0,1,0,0
728,4.3,5001 - 10000,Information Technology,$1 to $2 billion (USD),112.5,Genesys,NC,1,1,1,0,0,0,0,0,0,0,1,0,0,1,0,0
730,3.6,5001 - 10000,Insurance,$10+ billion (USD),91.5,MassMutual,MA,0,1,1,1,1,0,0,0,0,0,1,0,0,0,0,0
731,3.3,10000+,Insurance,$10+ billion (USD),51.5,Liberty Mutual Insurance,IN,1,0,0,1,1,0,0,0,0,0,0,0,1,0,0,0
732,3.8,10000+,Biotech & Pharmaceuticals,$10+ billion (USD),114.5,Novartis,MA,0,0,0,0,0,0,0,0,0,0,0,0,0,0,0,0
733,4.3,201 - 500,Business Services,$10 to $25 million (USD),115,USEReady,NY,1,1,1,0,1,0,0,0,0,0,1,1,0,0,0,0
734,3.2,1 - 50,Business Services,$5 to $10 million (USD),74,"Numeric, LLC",PA,1,0,1,0,1,0,0,0,0,0,0,0,0,0,0,0
735,4.7,51 - 200,Business Services,$10 to $25 million (USD),51,QK,CA,0,0,0,1,0,0,0,0,0,0,0,0,0,0,0,0
737,3.8,10000+,Biotech & Pharmaceuticals,$10+ billion (USD),121,Novartis,MA,0,0,0,0,0,0,0,0,0,0,0,0,0,0,0,0
738,4.5,201 - 500,Information Technology,$100 to $500 million (USD),121.5,Demandbase,CA,0,0,0,0,1,0,0,0,0,0,0,1,1,0,0,0
740,3.1,10000+,Finance,$10+ billion (USD),62.5,Santander,MA,1,0,0,1,1,1,0,0,0,0,0,0,0,0,0,0
744,3.4,501 - 1000,Information Technology,$50 to $100 million (USD),60.5,IntraEdge,AZ,1,1,1,0,1,0,0,0,0,0,0,0,0,0,1,0
745,3.9,51 - 200,Finance,$50 to $100 million (USD),180,Zest AI,CA,1,0,0,1,1,0,0,0,0,0,0,0,0,0,0,0
747,3.3,1001 - 5000,Aerospace & Defense,$1 to $2 billion (USD),118.5,Peraton,VA,1,1,0,0,1,0,0,0,0,0,1,0,0,0,0,0
748,3.9,501 - 1000,Information Technology,$100 to $500 million (USD),66.5,"Emtec, Inc.",IL,1,0,0,0,1,1,0,0,0,0,0,1,1,0,0,0
749,3.4,1001 - 5000,Business Services,$100 to $500 million (USD),107.5,PA Consulting,MA,0,1,0,1,1,0,0,0,0,0,1,1,0,0,1,0
750,4.7,51 - 200,Business Services,$10 to $25 million (USD),138.5,Praetorian,TX,1,1,0,0,1,0,0,0,0,1,0,0,0,0,0,0
751,2.7,201 - 500,Biotech & Pharmaceuticals,$25 to $50 million (USD),81,Advanced BioScience Laboratories,MD,0,0,0,0,0,0,0,0,0,0,0,0,0,0,0,0
752,3.8,1001 - 5000,Insurance,$2 to $5 billion (USD),58.5,COUNTRY Financial,IL,1,1,0,1,1,0,0,0,0,0,1,0,0,0,0,0
753,3.4,1001 - 5000,Transportation & Logistics,$2 to $5 billion (USD),107.5,Echo Global Logistics,IL,0,0,0,0,1,0,0,0,0,0,0,0,0,0,0,0
754,3.8,501 - 1000,Biotech & Pharmaceuticals,$50 to $100 million (USD),120.5,Agios Pharmaceuticals,MA,0,0,0,0,0,1,0,0,0,0,0,0,0,0,0,0
755,3.9,201 - 500,Information Technology,$10 to $25 million (USD),63.5,Tapjoy,CA,1,1,0,0,1,0,0,0,1,1,0,0,0,0,0,0
756,3.1,5001 - 10000,Manufacturing,$10+ billion (USD),103.5,Reynolds American,KY,0,0,0,0,0,0,0,0,0,0,0,0,0,0,0,0
757,4.1,5001 - 10000,Information Technology,$1 to $2 billion (USD),107,Mentor Graphics,CA,1,0,0,1,0,0,1,0,0,1,0,0,0,0,0,0
758,3.7,5001 - 10000,Aerospace & Defense,$2 to $5 billion (USD),105.5,Maxar Technologies,VA,1,1,0,0,1,0,0,0,0,0,1,0,0,0,0,0
759,2.8,501 - 1000,Insurance,$500 million to $1 billion (USD),83,ICW Group,CA,0,0,0,0,1,0,0,0,0,0,0,1,1,0,0,0
763,3.5,1001 - 5000,Information Technology,$1 to $2 billion (USD),68.5,Esri,CA,1,1,0,1,0,0,0,1,1,1,0,0,0,0,0,0
766,3.4,10000+,Insurance,$5 to $10 billion (USD),110.5,Assurant,OH,0,0,0,1,1,0,0,1,0,1,0,0,0,0,0,0
767,3.7,201 - 500,Insurance,$100 to $500 million (USD),115.5,F&G,IA,1,0,0,1,1,0,0,0,0,0,0,1,0,0,0,0
769,3.8,1001 - 5000,"Oil, Gas, Energy & Utilities",$500 million to $1 billion (USD),80.5,PNNL,WA,0,0,0,0,0,0,0,1,0,1,0,0,0,0,0,0
773,4.6,501 - 1000,Finance,$100 to $500 million (USD),43,GreatAmerica Financial Services,IA,0,0,0,1,1,0,0,0,0,0,0,1,0,0,0,0
777,4,10000+,Biotech & Pharmaceuticals,$10+ billion (USD),172,Pfizer,MA,0,0,1,0,0,0,0,0,0,0,0,0,0,0,0,0
779,3,5001 - 10000,Insurance,$5 to $10 billion (USD),66.5,AmeriHealth Caritas,PA,0,0,0,1,1,1,0,0,0,0,0,1,0,0,0,0
781,4.7,51 - 200,Business Services,$1 to $5 million (USD),94.5,Strategic Employment Partners,CA,1,0,1,0,0,0,0,0,0,0,0,0,0,0,0,0
783,3.8,1001 - 5000,"Oil, Gas, Energy & Utilities",$500 million to $1 billion (USD),119,PNNL,WA,0,0,0,0,0,0,0,1,0,1,0,0,0,0,0,0
784,3.5,201 - 500,Business Services,$50 to $100 million (USD),95.5,"SPINS, LLC",IL,1,0,0,0,1,0,0,0,0,0,0,0,0,0,0,0
785,3.3,10000+,Insurance,$10+ billion (USD),194.5,Liberty Mutual Insurance,IL,1,0,0,0,0,1,0,0,0,0,0,0,0,0,0,0
786,3.2,10000+,Health Care,$10+ billion (USD),51.5,Catholic Health Initiatives,NE,0,0,0,0,0,0,0,0,0,0,0,0,0,0,0,0
787,2.7,5001 - 10000,Finance,$2 to $5 billion (USD),27.5,FLEETCOR,TN,0,0,0,1,0,0,0,0,0,0,0,1,0,0,0,0
788,3.3,1001 - 5000,Finance,$1 to $2 billion (USD),173,DTCC,NJ,1,0,0,1,1,0,0,0,0,0,0,0,0,0,0,0
790,3.9,1001 - 5000,Business Services,$500 million to $1 billion (USD),71.5,Southwest Research Institute,TX,1,0,1,1,1,0,0,0,0,0,0,0,0,0,0,0
791,3.1,5001 - 10000,Manufacturing,$10+ billion (USD),74,Reynolds American,NC,0,0,0,1,0,0,0,0,0,0,0,0,0,0,0,0
794,3.7,10000+,Aerospace & Defense,$10+ billion (USD),62.5,Raytheon,AL,0,0,0,1,0,0,0,0,0,0,0,0,0,0,0,0
795,4.3,1001 - 5000,Business Services,$500 million to $1 billion (USD),65.5,RTI International,NC,0,0,0,0,0,0,0,0,0,0,0,0,0,0,0,0
797,3.8,10000+,Retail,$5 to $10 billion (USD),85,DICK'S Sporting Goods - Corporate,PA,1,0,0,0,1,0,0,1,0,1,0,0,0,0,0,0
799,3.9,10000+,Biotech & Pharmaceuticals,$10+ billion (USD),147.5,AstraZeneca,MD,1,0,0,1,0,0,0,0,0,0,0,0,0,0,0,0
803,3.7,10000+,Health Care,$1 to $2 billion (USD),81,Carilion Clinic,VA,0,0,0,1,0,0,0,0,0,0,0,0,0,0,0,0
804,2.1,1001 - 5000,Biotech & Pharmaceuticals,$100 to $500 million (USD),72.5,United BioSource,PA,0,0,0,1,1,0,0,0,0,0,0,1,0,0,0,0
806,3.9,51 - 200,Information Technology,$10 to $25 million (USD),139,Figure Eight,CA,1,0,1,1,0,0,0,0,0,0,0,0,0,0,0,0
807,3.9,201 - 500,Information Technology,$10 to $25 million (USD),136.5,Tapjoy,CA,0,0,0,0,1,0,0,0,0,0,0,0,0,0,0,0
809,4.6,51 - 200,Business Services,$5 to $10 million (USD),121,Mitsubishi Electric Research Labs,MA,0,0,1,1,0,0,0,1,0,1,0,0,0,0,0,0
810,3.8,1001 - 5000,Travel & Tourism,$2 to $5 billion (USD),74.5,Fareportal,NY,1,1,0,0,0,0,0,0,0,0,0,0,0,0,0,0
812,3.1,5001 - 10000,Manufacturing,$10+ billion (USD),80.5,Reynolds American,NC,0,0,0,1,0,0,0,0,0,0,0,0,0,0,0,0
815,4.6,51 - 200,Business Services,$5 to $10 million (USD),167.5,Mitsubishi Electric Research Labs,MA,0,0,0,0,0,0,0,0,0,0,0,0,0,0,0,0
817,3.4,501 - 1000,Non-Profit,$25 to $50 million (USD),44.5,DESC,WA,0,0,1,1,1,0,0,0,0,0,0,0,0,0,0,0
818,3.3,1001 - 5000,Health Care,$500 million to $1 billion (USD),107.5,Johns Hopkins Health Care,MD,0,0,0,0,1,0,0,0,0,0,0,0,0,0,0,0
820,3.7,201 - 500,Health Care,$500 million to $1 billion (USD),69.5,Community Behavioral Health,PA,0,0,0,1,1,0,0,0,0,0,0,1,1,0,0,0
821,3.5,10000+,Information Technology,$10+ billion (USD),98.5,Western Digital,CA,1,1,1,0,1,0,0,0,0,0,1,0,0,0,0,0
822,2.7,201 - 500,Biotech & Pharmaceuticals,$25 to $50 million (USD),80.5,Advanced BioScience Laboratories,MD,0,0,0,1,0,0,0,0,0,0,0,0,0,0,0,0
823,3.8,51 - 200,Biotech & Pharmaceuticals,$10 to $25 million (USD),76.5,FORMA THERAPEUTICS,MA,0,0,0,1,0,0,0,0,0,0,0,0,0,0,0,0
824,3.7,10000+,Aerospace & Defense,$10+ billion (USD),99,Raytheon,MD,1,0,0,0,1,0,0,0,0,0,0,0,0,0,0,0
825,3.8,501 - 1000,Biotech & Pharmaceuticals,$50 to $100 million (USD),96.5,Agios Pharmaceuticals,MA,0,0,0,1,0,0,0,0,0,0,0,0,0,0,0,0
826,3.3,10000+,Insurance,$10+ billion (USD),53,Liberty Mutual Insurance,MA,0,0,0,0,0,0,0,0,0,0,0,0,0,0,0,0
828,3.8,501 - 1000,Finance,$50 to $100 million (USD),139.5,Bill.com,CA,0,0,0,0,1,1,0,0,0,0,0,0,0,0,0,0
829,3.8,1001 - 5000,"Oil, Gas, Energy & Utilities",$500 million to $1 billion (USD),67,Pacific Northwest National Laboratory,WA,0,0,0,0,0,0,0,1,0,1,0,0,0,0,0,0
830,3,10000+,Information Technology,$10+ billion (USD),62.5,Infosys,CT,0,0,0,1,0,0,0,0,0,0,0,0,0,0,0,0
831,3.9,10000+,Biotech & Pharmaceuticals,$10+ billion (USD),92,AstraZeneca,MD,0,0,0,0,0,0,0,0,0,0,0,0,0,0,0,0
832,3.6,1 - 50,Health Care,$10 to $25 million (USD),66,AXION Healthcare Solutions,NY,0,0,0,1,0,0,0,0,0,0,0,0,0,0,0,0
839,3.5,1 - 50,Education,$5 to $10 million (USD),96,Charter Spectrum,MO,0,0,0,1,1,0,0,0,0,0,1,0,0,0,0,0
840,4,501 - 1000,Aerospace & Defense,$100 to $500 million (USD),87,Mteq,VA,1,0,0,0,0,0,0,0,0,0,0,0,0,0,0,0
841,3.7,201 - 500,Information Technology,$25 to $50 million (USD),86,Brillient,MD,1,0,0,1,0,1,0,0,0,0,0,0,0,0,0,0
848,3.5,1001 - 5000,Biotech & Pharmaceuticals,$1 to $2 billion (USD),154.5,Sunovion,MA,1,0,0,1,0,0,0,0,0,0,0,0,0,0,0,0
851,3.6,1001 - 5000,"Arts, Entertainment & Recreation",$100 to $500 million (USD),48.5,San Manuel Casino,CA,0,0,0,1,1,1,0,0,0,0,0,1,0,0,0,1
852,3.7,501 - 1000,Finance,$500 million to $1 billion (USD),87,Cboe Global Markets,KS,1,0,0,1,1,0,0,0,0,0,1,0,0,0,0,0
853,3.4,501 - 1000,Information Technology,$1 to $2 billion (USD),80,Trace3,TX,1,1,0,1,1,0,0,0,0,0,1,0,0,0,0,0
854,4,1001 - 5000,Health Care,$50 to $100 million (USD),44.5,Texas Health Huguley Hospital,TX,0,0,1,0,0,0,0,0,0,0,0,0,0,0,0,0
855,3.7,10000+,Aerospace & Defense,$10+ billion (USD),173,Northrop Grumman,CA,1,0,0,0,0,0,0,0,0,0,0,0,0,0,0,0
856,2.4,501 - 1000,Manufacturing,$100 to $500 million (USD),52.5,Teasdale Latin Foods,IL,0,0,0,0,0,0,0,0,0,0,0,0,0,0,0,0
858,3.9,10000+,Biotech & Pharmaceuticals,$10+ billion (USD),95,AstraZeneca,MD,0,0,0,0,0,0,0,0,0,0,0,0,0,0,0,0
859,3.2,5001 - 10000,Government,$1 to $2 billion (USD),69.5,MITRE,MA,1,0,0,1,1,1,0,0,0,0,0,1,0,0,1,0
861,3.9,501 - 1000,Information Technology,$100 to $500 million (USD),112,The Buffalo Group,VA,1,1,0,0,1,0,0,0,0,0,1,0,0,0,0,0
863,3.4,51 - 200,Business Services,$10 to $25 million (USD),96.5,CompQsoft,DC,1,0,0,0,0,0,0,0,0,1,0,0,0,0,0,0
864,2.1,201 - 500,Biotech & Pharmaceuticals,$25 to $50 million (USD),111.5,Cerus Corporation,CA,0,0,0,1,0,0,0,0,0,0,0,0,0,0,0,0
866,3.7,10000+,Biotech & Pharmaceuticals,$10+ billion (USD),154.5,Takeda Pharmaceuticals,MA,0,1,1,1,1,0,0,0,0,0,1,0,0,0,1,0
869,4.4,201 - 500,Business Services,$50 to $100 million (USD),128.5,Maven Wave Partners,IL,1,0,1,1,1,0,0,0,0,0,1,1,0,0,0,0
875,3.7,501 - 1000,Health Care,$100 to $500 million (USD),65,Vail Health,CO,0,0,0,0,0,0,0,0,0,0,0,0,0,0,0,0
879,4.3,201 - 500,Information Technology,$50 to $100 million (USD),69.5,Solugenix Corporation,AZ,1,0,0,1,1,1,0,0,1,0,0,0,0,0,0,0
883,3.1,1001 - 5000,Media,$10+ billion (USD),113,NCSOFT,CA,1,1,1,1,1,0,0,0,0,0,0,0,0,0,1,0
884,3.8,201 - 500,Manufacturing,$25 to $50 million (USD),103,SoftBank Robotics,CA,1,0,1,0,1,0,0,0,0,0,0,1,1,0,0,0
886,3.9,10000+,Biotech & Pharmaceuticals,$10+ billion (USD),90.5,GSK,MA,0,0,1,0,0,0,0,0,0,0,0,0,0,0,0,0
892,3.2,5001 - 10000,Government,$1 to $2 billion (USD),106.5,MITRE,VA,1,1,0,1,1,1,0,0,0,0,1,1,0,0,0,0
895,3.3,1001 - 5000,Business Services,$2 to $5 billion (USD),123.5,TriNet,CA,0,0,0,1,1,1,0,0,0,0,0,1,0,0,1,0
896,4.3,1001 - 5000,Information Technology,$500 million to $1 billion (USD),86.5,Medidata Solutions,NY,0,0,1,1,1,0,0,0,0,0,0,0,0,0,0,0
897,3.5,501 - 1000,Health Care,$500 million to $1 billion (USD),64,Central California Alliance for Health,CA,0,0,0,0,1,0,0,0,0,0,0,1,0,0,0,0
898,3.9,201 - 500,Information Technology,$10 to $25 million (USD),47,Signpost,NY,0,1,0,0,1,0,0,0,0,0,0,0,0,0,0,0
899,4,10000+,Information Technology,$5 to $10 billion (USD),162,Adobe,CA,1,0,0,1,1,0,0,0,0,0,1,1,1,0,0,0
900,3.9,10000+,Biotech & Pharmaceuticals,$10+ billion (USD),140,AstraZeneca,MD,1,0,0,1,0,0,0,0,0,0,0,0,0,0,0,0
901,3.4,51 - 200,Information Technology,$5 to $10 million (USD),89,"DatamanUSA, LLC",WA,0,0,0,0,0,0,0,0,0,0,0,0,0,0,0,0
902,3,10000+,Retail,$10+ billion (USD),98,Pilot Flying J Travel Centers LLC,TN,1,0,0,0,1,0,0,0,0,0,0,0,0,0,0,0
904,3.9,10000+,Biotech & Pharmaceuticals,$10+ billion (USD),137,AstraZeneca,NY,1,0,0,0,0,0,0,0,0,0,0,0,0,0,0,0
907,4,501 - 1000,Insurance,$500 million to $1 billion (USD),99,Pinnacol Assurance,CO,1,0,1,0,1,0,0,0,0,0,0,0,0,0,0,0
911,3.4,201 - 500,Information Technology,$25 to $50 million (USD),109,MetroStar Systems,MD,0,0,1,0,0,0,0,0,0,0,0,0,0,0,0,0
912,4.4,1001 - 5000,Information Technology,$1 to $2 billion (USD),139.5,MathWorks,MA,1,0,0,0,1,0,0,0,0,0,0,1,1,0,0,0
913,3.3,10000+,Insurance,$10+ billion (USD),254,Liberty Mutual Insurance,IL,1,0,0,0,0,1,0,0,0,0,0,0,0,0,0,0
916,3.8,10000+,Biotech & Pharmaceuticals,$10+ billion (USD),106.5,Novartis,MA,1,0,0,0,1,1,0,0,0,0,0,1,1,0,0,0
919,3.6,1001 - 5000,Health Care,$100 to $500 million (USD),56.5,Beebe Healthcare,DE,0,0,0,0,0,0,0,0,0,0,0,0,0,0,0,0
921,2.7,201 - 500,Biotech & Pharmaceuticals,$25 to $50 million (USD),81,Advanced BioScience Laboratories,MD,0,0,0,1,0,0,0,0,0,0,0,0,0,0,0,0
924,3.2,1 - 50,Business Services,$5 to $10 million (USD),128.5,"Numeric, LLC",PA,1,1,1,0,1,0,0,0,0,0,1,0,0,0,0,0
926,3.1,5001 - 10000,Manufacturing,$10+ billion (USD),99.5,Reynolds American,NC,0,0,0,1,0,0,0,0,0,0,0,0,0,0,0,0
929,3.3,501 - 1000,Insurance,$500 million to $1 billion (USD),45.5,National Interstate,OH,0,0,0,0,0,0,0,0,0,0,0,0,0,0,0,0
930,4.5,51 - 200,Business Services,$25 to $50 million (USD),122.5,Moser Consulting,IN,1,1,1,0,1,0,0,0,0,0,1,0,0,0,1,0
931,3,1001 - 5000,Information Technology,$100 to $500 million (USD),37.5,Greenway Health,FL,0,0,0,1,1,0,0,0,0,0,0,0,0,0,0,0
932,3.7,5001 - 10000,Insurance,$5 to $10 billion (USD),54,The Hanover Insurance Group,MA,0,0,0,0,1,0,0,0,0,0,0,0,0,0,0,0
933,3.8,1001 - 5000,Travel & Tourism,$2 to $5 billion (USD),53.5,Fareportal,NY,1,0,0,1,1,0,0,0,0,0,0,0,1,0,0,1
934,3.9,5001 - 10000,Finance,$1 to $2 billion (USD),140,TransUnion,IL,1,0,0,1,1,1,0,0,0,0,0,0,0,0,0,0
935,3.2,5001 - 10000,Government,$1 to $2 billion (USD),77.5,MITRE,VA,0,0,0,0,0,0,0,0,0,0,0,0,0,0,0,0
938,3.1,5001 - 10000,Manufacturing,$10+ billion (USD),117.5,Reynolds American,NC,0,0,0,1,0,0,0,0,0,0,0,0,0,0,0,0
939,2.4,501 - 1000,Biotech & Pharmaceuticals,$50 to $100 million (USD),70.5,Crown Bioscience,CA,0,0,0,0,0,0,0,0,0,0,0,0,0,0,0,0
940,4.8,51 - 200,Information Technology,$25 to $50 million (USD),61.5,HOVER,CA,0,0,0,1,1,0,0,0,0,0,0,1,0,0,0,0
944,3.4,1001 - 5000,Insurance,$100 to $500 million (USD),90,Arbella Insurance,MA,0,1,0,1,1,0,0,0,0,0,1,0,0,0,0,0
947,3.6,5001 - 10000,Insurance,$10+ billion (USD),68.5,MassMutual,MA,0,0,0,1,0,0,0,0,0,0,0,0,0,0,0,0
948,3.9,201 - 500,Information Technology,$100 to $500 million (USD),87.5,Fivestars,CA,1,0,1,1,1,0,0,0,0,0,0,0,0,0,0,0
949,3.6,10000+,Biotech & Pharmaceuticals,$2 to $5 billion (USD),111.5,IQVIA,PA,0,0,0,0,0,0,0,0,0,0,0,0,0,0,0,0
950,3.9,10000+,Biotech & Pharmaceuticals,$10+ billion (USD),84.5,GSK,MA,0,0,1,0,0,0,0,0,0,0,0,0,0,0,0,0
951,4.4,1001 - 5000,Information Technology,$100 to $500 million (USD),102.5,Eventbrite,TN,1,1,1,0,1,0,0,0,0,0,1,0,0,0,0,0
953,3.2,1 - 50,Business Services,$5 to $10 million (USD),127.5,"Numeric, LLC",PA,0,0,0,1,0,0,0,0,0,0,0,0,0,0,0,0
955,3.6,501 - 1000,Government,$50 to $100 million (USD),93.5,Riverside Research Institute,OH,1,0,0,0,0,0,0,0,0,0,0,0,0,0,0,0
